term,estimate,std.error,statistic,p.value
(Intercept),125.05096746176577,1.1639896486231698,107.43305802563007,0
host_acceptance_rate,23.65288659792485,1.3437857671156839,17.60167965515341,3.738834626628861e-69
