term,estimate,std.error,statistic,p.value
(Intercept),143.87234376112275,0.3746716253420034,383.99583536595514,0
minimum_nights,0.040116515908266134,0.020103388442299457,1.9955101610560904,0.0459919066993189
